{
  "dist1": {
    "load_cm_points": [
      38.0,
      68.0,
      98.0
    ],
    "slope_params": [
      -2.6020940682398868,
      -3.545308294461394,
      -5.592333799784251
    ],
    "intercept_params": [
      498.24449084378983,
      679.0990573304483,
      1071.8455071353642
    ]
  },
  "dist2": {
    "load_cm_points": [
      38.0,
      68.0,
      98.0
    ],
    "slope_params": [
      -3.567677493645827,
      -2.2499976726056956,
      -3.3153030300016537
    ],
    "intercept_params": [
      679.214165055603,
      428.31727556274797,
      631.4915617476402
    ]
  },
  "dist3": {
    "load_cm_points": [
      38.0,
      68.0,
      98.0
    ],
    "slope_params": [
      -4.87780970222814,
      -3.914829959907261,
      -3.036899803849882
    ],
    "intercept_params": [
      930.1875179288945,
      745.089202929737,
      578.4557794705726
    ]
  }
}