point,time,absolute_displacement,relative_displacement,pred_mass
sx,1775124117.560578,423.590808,0.0,11.485583727954172
tx,1775124144.857552,423.590808,0.0,11.485583727954172
