point,time,absolute_displacement,relative_displacement,pred_mass
sx,561.778464,190.599309,0.0,-0.9198466869600621
tx,1126.5874259999998,187.816,-2.7833090000000027,10.596949167904109
