point,time,absolute_displacement,relative_displacement,pred_mass
sx,1775124117.560578,190.861442,0.0,-0.6161368771169523
tx,1775124144.857552,190.862328,0.0008859999999799584,-0.6181995126530467
