point,time,absolute_displacement,relative_displacement,pred_mass
sx,1775124117.560578,74.639053,0.0,12.192514761578064
tx,1775124144.857552,75.112251,0.47319799999999645,12.487248341972379
