{
  "models": {
    "d1_l1": {
      "slope": -2.6020940682398868,
      "intercept": 498.24449084378983,
      "r2": 0.9961421985442244,
      "n": 11
    },
    "d1_l2": {
      "slope": -3.545308294461394,
      "intercept": 679.0990573304483,
      "r2": 0.9971698958650496,
      "n": 11
    },
    "d1_l3": {
      "slope": -5.592333799784251,
      "intercept": 1071.8455071353642,
      "r2": 0.9960421593443327,
      "n": 11
    },
    "d1_l4": {
      "slope": -7.02215373713082,
      "intercept": 1347.434312061625,
      "r2": 0.9717913497319911,
      "n": 11
    },
    "d1_l5": {
      "slope": -8.07797805899675,
      "intercept": 1553.0974339630252,
      "r2": 0.9967227624424707,
      "n": 11
    },
    "d2_l1": {
      "slope": -3.567677493645827,
      "intercept": 679.214165055603,
      "r2": 0.9974147603061156,
      "n": 11
    },
    "d2_l2": {
      "slope": -2.2499976726056956,
      "intercept": 428.31727556274797,
      "r2": 0.9968822206371268,
      "n": 11
    },
    "d2_l3": {
      "slope": -3.3153030300016537,
      "intercept": 631.4915617476402,
      "r2": 0.9981725520548034,
      "n": 11
    },
    "d2_l4": {
      "slope": -5.388051670540367,
      "intercept": 1027.0691586143844,
      "r2": 0.9978148531285794,
      "n": 11
    },
    "d2_l5": {
      "slope": -7.807382787906384,
      "intercept": 1488.938852418926,
      "r2": 0.9980845367044713,
      "n": 11
    },
    "d3_l1": {
      "slope": -4.87780970222814,
      "intercept": 930.1875179288945,
      "r2": 0.9978414885199782,
      "n": 11
    },
    "d3_l2": {
      "slope": -3.914829959907261,
      "intercept": 745.089202929737,
      "r2": 0.9946300334080428,
      "n": 11
    },
    "d3_l3": {
      "slope": -3.036899803849882,
      "intercept": 578.4557794705726,
      "r2": 0.9982631502163357,
      "n": 11
    },
    "d3_l4": {
      "slope": -6.100009880657243,
      "intercept": 1162.9660836011828,
      "r2": 0.995656507608384,
      "n": 11
    },
    "d3_l5": {
      "slope": -9.923718377085427,
      "intercept": 1894.08459321557,
      "r2": 0.9980326542196689,
      "n": 11
    }
  }
}