point,time,absolute_displacement,relative_displacement,pred_mass
sx,1775123241.841473,0.206306,0.0,16.178256371076657
tx,1775123325.588905,0.251682,0.04537600000000003,16.153901947715035
