point,time,absolute_displacement,relative_displacement,pred_mass
sx,1775123241.841473,102.379241,0.0,11.779183206534452
tx,1775123325.588905,100.352465,-2.026775999999998,9.67459376709197
